-- MySQL dump 10.13  Distrib 8.0.23, for Win64 (x86_64)
--
-- Host: localhost    Database: 336_project
-- ------------------------------------------------------
-- Server version	8.0.23

/*!40101 SET @OLD_CHARACTER_SET_CLIENT=@@CHARACTER_SET_CLIENT */;
/*!40101 SET @OLD_CHARACTER_SET_RESULTS=@@CHARACTER_SET_RESULTS */;
/*!40101 SET @OLD_COLLATION_CONNECTION=@@COLLATION_CONNECTION */;
/*!50503 SET NAMES utf8mb4 */;
/*!40103 SET @OLD_TIME_ZONE=@@TIME_ZONE */;
/*!40103 SET TIME_ZONE='+00:00' */;
/*!40014 SET @OLD_UNIQUE_CHECKS=@@UNIQUE_CHECKS, UNIQUE_CHECKS=0 */;
/*!40014 SET @OLD_FOREIGN_KEY_CHECKS=@@FOREIGN_KEY_CHECKS, FOREIGN_KEY_CHECKS=0 */;
/*!40101 SET @OLD_SQL_MODE=@@SQL_MODE, SQL_MODE='NO_AUTO_VALUE_ON_ZERO' */;
/*!40111 SET @OLD_SQL_NOTES=@@SQL_NOTES, SQL_NOTES=0 */;

--
-- Table structure for table `favoriteplayers`
--

USE 336_project;

DROP TABLE IF EXISTS `favoriteplayers`;
/*!40101 SET @saved_cs_client     = @@character_set_client */;
/*!50503 SET character_set_client = utf8mb4 */;
CREATE TABLE `favoriteplayers` (
  `playerID` int NOT NULL,
  `userID` int NOT NULL,
  PRIMARY KEY (`userID`,`playerID`),
  KEY `playerID` (`playerID`),
  CONSTRAINT `favoriteplayers_ibfk_1` FOREIGN KEY (`playerID`) REFERENCES `players` (`Id`),
  CONSTRAINT `favoriteplayers_ibfk_2` FOREIGN KEY (`userID`) REFERENCES `user` (`Id`)
) ENGINE=InnoDB DEFAULT CHARSET=utf8mb4 COLLATE=utf8mb4_0900_ai_ci;
/*!40101 SET character_set_client = @saved_cs_client */;

--
-- Dumping data for table `favoriteplayers`
--

LOCK TABLES `favoriteplayers` WRITE;
/*!40000 ALTER TABLE `favoriteplayers` DISABLE KEYS */;
INSERT INTO `favoriteplayers` VALUES (1713,247619),(2594,247616),(2594,247617),(2594,247620),(2730,247618),(2730,247619),(200752,247618),(201142,247618),(201142,247619),(201145,247619),(201162,247617),(201565,247616),(201568,247617),(201959,247616),(203114,247617),(203937,247616),(203992,247617),(1626162,247618),(1627789,247619),(1628373,247616),(1628978,247617),(1629140,247620),(1629185,247619),(1629346,247618),(1629624,247616);
/*!40000 ALTER TABLE `favoriteplayers` ENABLE KEYS */;
UNLOCK TABLES;

--
-- Table structure for table `favoriteteams`
--

DROP TABLE IF EXISTS `favoriteteams`;
/*!40101 SET @saved_cs_client     = @@character_set_client */;
/*!50503 SET character_set_client = utf8mb4 */;
CREATE TABLE `favoriteteams` (
  `teamName` varchar(255) NOT NULL,
  `userID` int NOT NULL,
  PRIMARY KEY (`userID`,`teamName`),
  KEY `teamName` (`teamName`),
  CONSTRAINT `favoriteteams_ibfk_1` FOREIGN KEY (`teamName`) REFERENCES `team` (`Name`),
  CONSTRAINT `favoriteteams_ibfk_2` FOREIGN KEY (`userID`) REFERENCES `user` (`Id`)
) ENGINE=InnoDB DEFAULT CHARSET=utf8mb4 COLLATE=utf8mb4_0900_ai_ci;
/*!40101 SET character_set_client = @saved_cs_client */;

--
-- Dumping data for table `favoriteteams`
--

LOCK TABLES `favoriteteams` WRITE;
/*!40000 ALTER TABLE `favoriteteams` DISABLE KEYS */;
INSERT INTO `favoriteteams` VALUES ('76ers',247618),('76ers',247620),('Bucks',247616),('Bucks',247617),('Grizzlies',247616),('Hawks',247617),('Jazz',247620),('Knicks',247616),('Knicks',247619),('Mavericks',247620),('Nets',247618),('Nets',247619),('Rockets',247618),('Spurs',247618),('Suns',247616),('Timberwolves',247620),('Warriors',247619),('Wizards',247620);
/*!40000 ALTER TABLE `favoriteteams` ENABLE KEYS */;
UNLOCK TABLES;

--
-- Table structure for table `players`
--

DROP TABLE IF EXISTS `players`;
/*!40101 SET @saved_cs_client     = @@character_set_client */;
/*!50503 SET character_set_client = utf8mb4 */;
CREATE TABLE `players` (
  `Id` int NOT NULL,
  `Name` varchar(255) NOT NULL,
  `Birthdate` datetime NOT NULL,
  `Height` varchar(255) NOT NULL,
  `Position` varchar(255) NOT NULL,
  `Team` varchar(255) DEFAULT NULL,
  PRIMARY KEY (`Id`),
  KEY `Team` (`Team`),
  CONSTRAINT `players_ibfk_1` FOREIGN KEY (`Team`) REFERENCES `team` (`Name`)
) ENGINE=InnoDB DEFAULT CHARSET=utf8mb4 COLLATE=utf8mb4_0900_ai_ci;
/*!40101 SET character_set_client = @saved_cs_client */;

--
-- Dumping data for table `players`
--

LOCK TABLES `players` WRITE;
/*!40000 ALTER TABLE `players` DISABLE KEYS */;
INSERT INTO `players` VALUES (1713,'Vince Carter','1977-01-26 00:00:00','78','Guard-Forward','Hawks'),(2199,'Tyson Chandler','1982-10-02 00:00:00','84','Center','Rockets'),(2403,'Nene Hilario','1982-09-13 00:00:00','83','Center-Forward','Rockets'),(2544,'LeBron James','1984-12-30 00:00:00','81','Forward','Lakers'),(2546,'Carmelo Anthony','1984-05-29 00:00:00','79','Forward','Trail Blazers'),(2594,'Kyle Korver','1981-03-17 00:00:00','79','Guard-Forward','Bucks'),(2617,'Udonis Haslem','1980-06-09 00:00:00','80','Forward','Heat'),(2730,'Dwight Howard','1985-12-08 00:00:00','82','Center-Forward','76ers'),(2738,'Andre Iguodala','1984-01-28 00:00:00','78','Guard-Forward','Heat'),(2772,'Trevor Ariza','1985-06-30 00:00:00','80','Forward','Heat'),(101107,'Marvin Williams','1986-06-19 00:00:00','80','Forward','Bucks'),(101108,'Chris Paul','1985-05-06 00:00:00','72','Guard','Suns'),(101123,'Gerald Green','1986-01-26 00:00:00','79','Guard-Forward','Rockets'),(101133,'Ian Mahinmi','1986-11-05 00:00:00','83','Center','Wizards'),(101141,'Ersan Ilyasova','1987-05-15 00:00:00','81','Forward','Jazz'),(101150,'Lou Williams','1986-10-27 00:00:00','73','Guard','Hawks'),(200746,'LaMarcus Aldridge','1985-07-19 00:00:00','83','Center-Forward','Nets'),(200752,'Rudy Gay','1986-08-17 00:00:00','80','Forward-Guard','Spurs'),(200755,'JJ Redick','1984-06-24 00:00:00','75','Guard','Mavericks'),(200757,'Thabo Sefolosha','1984-05-02 00:00:00','78','Forward-Guard','Rockets'),(200765,'Rajon Rondo','1986-02-22 00:00:00','73','Guard','Clippers'),(200768,'Kyle Lowry','1986-03-25 00:00:00','72','Guard','Raptors'),(200782,'P.J. Tucker','1985-05-05 00:00:00','77','Forward','Bucks'),(200794,'Paul Millsap','1985-02-10 00:00:00','79','Forward','Nuggets'),(200826,'J.J. Barea','1984-06-26 00:00:00','70','Guard','Mavericks'),(201142,'Kevin Durant','1988-09-29 00:00:00','82','Forward','Nets'),(201143,'Al Horford','1986-06-03 00:00:00','81','Center-Forward','Thunder'),(201144,'Mike Conley','1987-10-11 00:00:00','73','Guard','Jazz'),(201145,'Jeff Green','1986-08-28 00:00:00','80','Forward','Nets'),(201152,'Thaddeus Young','1988-06-21 00:00:00','80','Forward','Bulls'),(201158,'Marco Belinelli','1986-03-25 00:00:00','77','Guard','Spurs'),(201162,'Jared Dudley','1985-07-10 00:00:00','78','Forward','Lakers'),(201163,'Wilson Chandler','1987-05-10 00:00:00','80','Forward','Nets'),(201188,'Marc Gasol','1985-01-29 00:00:00','83','Center','Lakers'),(201229,'Anthony Tolliver','1985-06-01 00:00:00','80','Forward','76ers'),(201565,'Derrick Rose','1988-10-04 00:00:00','74','Guard','Knicks'),(201566,'Russell Westbrook','1988-11-12 00:00:00','75','Guard','Wizards'),(201567,'Kevin Love','1988-09-07 00:00:00','80','Forward-Center','Cavaliers'),(201568,'Danilo Gallinari','1988-08-08 00:00:00','82','Forward','Hawks'),(201569,'Eric Gordon','1988-12-25 00:00:00','75','Guard','Rockets'),(201571,'D.J. Augustin','1987-11-10 00:00:00','71','Guard','Rockets'),(201572,'Brook Lopez','1988-04-01 00:00:00','84','Center','Bucks'),(201577,'Robin Lopez','1988-04-01 00:00:00','84','Center','Wizards'),(201580,'JaVale McGee','1988-01-19 00:00:00','84','Center-Forward','Nuggets'),(201584,'Courtney Lee','1985-10-03 00:00:00','77','Guard','Mavericks'),(201586,'Serge Ibaka','1989-09-18 00:00:00','82','Forward','Clippers'),(201587,'Nicolas Batum','1988-12-14 00:00:00','80','Guard-Forward','Clippers'),(201588,'George Hill','1986-05-04 00:00:00','76','Guard','76ers'),(201599,'DeAndre Jordan','1988-07-21 00:00:00','83','Center','Nets'),(201609,'Goran Dragic','1986-05-06 00:00:00','75','Guard','Heat'),(201933,'Blake Griffin','1989-03-16 00:00:00','81','Forward','Nets'),(201935,'James Harden','1989-08-26 00:00:00','77','Guard','Nets'),(201937,'Ricky Rubio','1990-10-21 00:00:00','75','Guard','Timberwolves'),(201939,'Stephen Curry','1988-03-14 00:00:00','75','Guard','Warriors'),(201942,'DeMar DeRozan','1989-08-07 00:00:00','78','Guard-Forward','Spurs'),(201949,'James Johnson','1987-02-20 00:00:00','79','Forward','Pelicans'),(201950,'Jrue Holiday','1990-06-12 00:00:00','75','Guard','Bucks'),(201952,'Jeff Teague','1988-06-10 00:00:00','75','Guard','Bucks'),(201959,'Taj Gibson','1985-06-24 00:00:00','81','Forward','Knicks'),(201960,'DeMarre Carroll','1986-07-27 00:00:00','78','Forward','Rockets'),(201961,'Wayne Ellington','1987-11-29 00:00:00','76','Guard','Pistons'),(201976,'Patrick Beverley','1988-07-12 00:00:00','73','Guard','Clippers'),(201980,'Danny Green','1987-06-22 00:00:00','78','Guard','76ers'),(201988,'Patty Mills','1988-08-11 00:00:00','73','Guard','Spurs'),(202066,'Garrett Temple','1986-05-08 00:00:00','77','Guard-Forward','Bulls'),(202083,'Wesley Matthews','1986-10-14 00:00:00','76','Guard','Lakers'),(202322,'John Wall','1990-09-06 00:00:00','75','Guard','Rockets'),(202323,'Evan Turner','1988-10-27 00:00:00','78','Guard-Forward','Timberwolves'),(202324,'Derrick Favors','1991-07-15 00:00:00','81','Forward','Jazz'),(202326,'DeMarcus Cousins','1990-08-13 00:00:00','82','Center','Clippers'),(202329,'Al-Farouq Aminu','1990-09-21 00:00:00','80','Forward','Bulls'),(202330,'Gordon Hayward','1990-03-23 00:00:00','79','Forward','Hornets'),(202331,'Paul George','1990-05-02 00:00:00','80','Forward','Clippers'),(202334,'Ed Davis','1989-06-05 00:00:00','81','Center-Forward','Timberwolves'),(202335,'Patrick Patterson','1989-03-14 00:00:00','80','Forward','Clippers'),(202339,'Eric Bledsoe','1989-12-09 00:00:00','73','Guard','Pelicans'),(202340,'Avery Bradley','1990-11-26 00:00:00','75','Guard','Rockets'),(202355,'Hassan Whiteside','1989-06-13 00:00:00','84','Center','Kings'),(202357,'Nemanja Bjelica','1988-05-09 00:00:00','82','Forward','Heat'),(202397,'Ish Smith','1988-07-05 00:00:00','72','Guard','Wizards'),(202681,'Kyrie Irving','1992-03-23 00:00:00','74','Guard','Nets'),(202683,'Enes Kanter','1992-05-20 00:00:00','82','Center','Trail Blazers'),(202684,'Tristan Thompson','1991-03-13 00:00:00','81','Center-Forward','Celtics'),(202685,'Jonas Valanciunas','1992-05-06 00:00:00','83','Center','Grizzlies'),(202687,'Bismack Biyombo','1992-08-28 00:00:00','80','Center','Hornets'),(202688,'Brandon Knight','1991-12-02 00:00:00','74','Guard','Pistons'),(202689,'Kemba Walker','1990-05-08 00:00:00','72','Guard','Celtics'),(202691,'Klay Thompson','1990-02-08 00:00:00','78','Guard','Warriors'),(202692,'Alec Burks','1991-07-20 00:00:00','78','Guard','Knicks'),(202693,'Markieff Morris','1989-09-02 00:00:00','81','Forward','Lakers'),(202694,'Marcus Morris Sr.','1989-09-02 00:00:00','80','Forward','Clippers'),(202695,'Kawhi Leonard','1991-06-29 00:00:00','79','Forward','Clippers'),(202696,'Nikola Vucevic','1990-10-24 00:00:00','83','Center','Bulls'),(202699,'Tobias Harris','1992-07-15 00:00:00','80','Forward','76ers'),(202704,'Reggie Jackson','1990-04-16 00:00:00','74','Guard','Clippers'),(202709,'Cory Joseph','1991-08-20 00:00:00','75','Guard','Pistons'),(202710,'Jimmy Butler','1989-09-14 00:00:00','79','Forward','Heat'),(202711,'Bojan Bogdanovic','1989-04-18 00:00:00','79','Forward','Jazz'),(202722,'Davis Bertans','1992-11-12 00:00:00','82','Forward','Wizards'),(202734,'E\'Twaun Moore','1989-02-25 00:00:00','75','Guard','Suns'),(202954,'Brad Wanamaker','1989-07-25 00:00:00','75','Guard','Hornets'),(203076,'Anthony Davis','1993-03-11 00:00:00','82','Forward-Center','Lakers'),(203077,'Michael Kidd-Gilchrist','1993-09-26 00:00:00','78','Forward','Mavericks'),(203078,'Bradley Beal','1993-06-28 00:00:00','75','Guard','Wizards'),(203079,'Dion Waiters','1991-12-10 00:00:00','75','Guard','Lakers'),(203081,'Damian Lillard','1990-07-15 00:00:00','74','Guard','Trail Blazers'),(203082,'Terrence Ross','1991-02-05 00:00:00','78','Guard-Forward','Magic'),(203083,'Andre Drummond','1993-08-10 00:00:00','82','Center','Lakers'),(203084,'Harrison Barnes','1992-05-30 00:00:00','80','Forward','Kings'),(203085,'Austin Rivers','1992-08-01 00:00:00','76','Guard','Nuggets'),(203087,'Jeremy Lamb','1992-05-30 00:00:00','77','Guard-Forward','Pacers'),(203089,'John Henson','1990-12-28 00:00:00','81','Forward-Center','Pistons'),(203090,'Maurice Harkless','1993-05-11 00:00:00','79','Forward-Guard','Kings'),(203095,'Evan Fournier','1992-10-29 00:00:00','79','Guard-Forward','Celtics'),(203107,'Tomas Satoransky','1991-10-30 00:00:00','79','Guard','Bulls'),(203109,'Jae Crowder','1990-07-06 00:00:00','78','Forward','Suns'),(203110,'Draymond Green','1990-03-04 00:00:00','78','Forward','Warriors'),(203114,'Khris Middleton','1991-08-12 00:00:00','79','Forward','Bucks'),(203115,'Will Barton','1991-01-06 00:00:00','78','Guard','Nuggets'),(203118,'Mike Scott','1988-07-16 00:00:00','79','Forward','76ers'),(203124,'Kyle O\'Quinn','1990-03-26 00:00:00','81','Center-Forward','76ers'),(203145,'Kent Bazemore','1989-07-01 00:00:00','76','Guard-Forward','Warriors'),(203200,'Justin Holiday','1989-04-05 00:00:00','78','Forward-Guard','Pacers'),(203210,'JaMychal Green','1990-06-21 00:00:00','80','Forward-Center','Nuggets'),(203382,'Aron Baynes','1986-12-09 00:00:00','82','Center-Forward','Raptors'),(203457,'Nerlens Noel','1994-04-10 00:00:00','83','Center-Forward','Knicks'),(203458,'Alex Len','1993-06-16 00:00:00','84','Center','Wizards'),(203463,'Ben McLemore','1993-02-11 00:00:00','75','Guard','Lakers'),(203468,'CJ McCollum','1991-09-19 00:00:00','75','Guard','Trail Blazers'),(203469,'Cody Zeller','1992-10-05 00:00:00','83','Forward-Center','Hornets'),(203471,'Dennis Schroder','1993-09-15 00:00:00','75','Guard','Lakers'),(203473,'Dewayne Dedmon','1989-08-12 00:00:00','84','Center','Heat'),(203476,'Gorgui Dieng','1990-01-18 00:00:00','82','Center','Spurs'),(203482,'Kelly Olynyk','1991-04-19 00:00:00','83','Forward-Center','Rockets'),(203484,'Kentavious Caldwell-Pope','1993-02-18 00:00:00','77','Guard','Lakers'),(203486,'Mason Plumlee','1990-03-05 00:00:00','83','Forward-Center','Pistons'),(203487,'Michael Carter-Williams','1991-10-10 00:00:00','77','Guard','Magic'),(203488,'Mike Muscala','1991-07-01 00:00:00','82','Forward-Center','Thunder'),(203490,'Otto Porter Jr.','1993-06-03 00:00:00','80','Forward','Magic'),(203493,'Reggie Bullock','1991-03-16 00:00:00','78','Guard-Forward','Knicks'),(203496,'Robert Covington','1990-12-14 00:00:00','79','Forward','Trail Blazers'),(203497,'Rudy Gobert','1992-06-26 00:00:00','85','Center','Jazz'),(203500,'Steven Adams','1993-07-20 00:00:00','83','Center','Pelicans'),(203501,'Tim Hardaway Jr.','1992-03-16 00:00:00','77','Guard-Forward','Mavericks'),(203503,'Tony Snell','1991-11-10 00:00:00','78','Guard','Hawks'),(203504,'Trey Burke','1992-11-12 00:00:00','72','Guard','Mavericks'),(203506,'Victor Oladipo','1992-05-04 00:00:00','76','Guard','Heat'),(203507,'Giannis Antetokounmpo','1994-12-06 00:00:00','83','Forward','Bucks'),(203516,'James Ennis III','1990-07-01 00:00:00','78','Forward','Magic'),(203521,'Matthew Dellavedova','1990-09-08 00:00:00','75','Guard','Cavaliers'),(203524,'Solomon Hill','1991-03-18 00:00:00','78','Forward','Hawks'),(203526,'Raul Neto','1992-05-19 00:00:00','73','Guard','Wizards'),(203552,'Seth Curry','1990-08-23 00:00:00','74','Guard','76ers'),(203584,'Troy Daniels','1991-07-15 00:00:00','76','Guard','Nuggets'),(203585,'Rodney McGruder','1991-07-29 00:00:00','76','Guard','Pistons'),(203648,'Thanasis Antetokounmpo','1992-07-18 00:00:00','78','Forward','Bucks'),(203658,'Norvel Pelle','1993-02-03 00:00:00','82','Center','Knicks'),(203894,'Shabazz Napier','1991-07-14 00:00:00','72','Guard','Wizards'),(203895,'Jordan McRae','1991-03-28 00:00:00','77','Guard','Pistons'),(203897,'Zach LaVine','1995-03-10 00:00:00','77','Guard-Forward','Bulls'),(203901,'Elfrid Payton','1994-02-22 00:00:00','75','Guard','Knicks'),(203903,'Jordan Clarkson','1992-06-07 00:00:00','76','Guard','Jazz'),(203914,'Gary Harris','1994-09-14 00:00:00','76','Guard','Magic'),(203915,'Spencer Dinwiddie','1993-04-06 00:00:00','77','Guard','Nets'),(203918,'Rodney Hood','1992-10-20 00:00:00','80','Guard-Forward','Raptors'),(203920,'Khem Birch','1992-09-28 00:00:00','81','Center','Raptors'),(203924,'Jerami Grant','1994-03-12 00:00:00','80','Forward','Pistons'),(203925,'Joe Harris','1991-09-06 00:00:00','78','Guard-Forward','Nets'),(203926,'Doug McDermott','1992-01-03 00:00:00','79','Forward','Pacers'),(203932,'Aaron Gordon','1995-09-16 00:00:00','80','Forward','Nuggets'),(203933,'T.J. Warren','1993-09-05 00:00:00','80','Forward','Pacers'),(203935,'Marcus Smart','1994-03-06 00:00:00','75','Guard','Celtics'),(203937,'Kyle Anderson','1993-09-20 00:00:00','81','Forward-Guard','Grizzlies'),(203939,'Dwight Powell','1991-07-20 00:00:00','82','Forward-Center','Mavericks'),(203944,'Julius Randle','1994-11-29 00:00:00','80','Forward-Center','Knicks'),(203952,'Andrew Wiggins','1995-02-23 00:00:00','79','Forward','Warriors'),(203953,'Jabari Parker','1995-03-15 00:00:00','80','Forward','Celtics'),(203954,'Joel Embiid','1994-03-16 00:00:00','84','Center-Forward','76ers'),(203957,'Dante Exum','1995-07-13 00:00:00','77','Guard','Rockets'),(203960,'JaKarr Sampson','1993-03-20 00:00:00','79','Forward','Pacers'),(203967,'Dario Saric','1994-04-08 00:00:00','82','Forward-Center','Suns'),(203991,'Clint Capela','1994-05-18 00:00:00','82','Center','Hawks'),(203992,'Bogdan Bogdanovic','1992-08-18 00:00:00','78','Guard','Hawks'),(203994,'Jusuf Nurkic','1994-08-23 00:00:00','83','Center','Trail Blazers'),(203999,'Nikola Jokic','1995-02-19 00:00:00','83','Center','Nuggets'),(204001,'Kristaps Porzingis','1995-08-02 00:00:00','87','Forward-Center','Mavericks'),(204020,'Tyler Johnson','1992-05-07 00:00:00','75','Guard','Nets'),(204025,'Tim Frazier','1990-11-01 00:00:00','72','Guard','Grizzlies'),(204038,'Langston Galloway','1991-12-09 00:00:00','73','Guard','Suns'),(204060,'Joe Ingles','1987-10-02 00:00:00','80','Forward-Guard','Jazz'),(204456,'T.J. McConnell','1992-03-25 00:00:00','73','Guard','Pacers'),(1626143,'Jahlil Okafor','1995-12-15 00:00:00','82','Center-Forward','Pistons'),(1626144,'Emmanuel Mudiay','1996-03-05 00:00:00','75','Guard','Jazz'),(1626145,'Tyus Jones','1996-05-10 00:00:00','72','Guard','Grizzlies'),(1626147,'Justin Anderson','1993-11-19 00:00:00','77','Forward-Guard','Nets'),(1626149,'Montrezl Harrell','1994-01-26 00:00:00','79','Forward-Center','Lakers'),(1626153,'Delon Wright','1992-04-26 00:00:00','77','Guard','Kings'),(1626156,'D\'Angelo Russell','1996-02-23 00:00:00','76','Guard','Timberwolves'),(1626157,'Karl-Anthony Towns','1995-11-15 00:00:00','83','Center-Forward','Timberwolves'),(1626158,'Richaun Holmes','1993-10-15 00:00:00','82','Forward','Kings'),(1626159,'Justise Winslow','1996-03-26 00:00:00','78','Forward-Guard','Grizzlies'),(1626161,'Willie Cauley-Stein','1993-08-18 00:00:00','84','Center','Mavericks'),(1626162,'Kelly Oubre Jr.','1995-12-09 00:00:00','79','Forward-Guard','Warriors'),(1626163,'Frank Kaminsky','1993-04-04 00:00:00','84','Forward-Center','Suns'),(1626164,'Devin Booker','1996-10-30 00:00:00','77','Guard','Suns'),(1626167,'Myles Turner','1996-03-24 00:00:00','83','Center-Forward','Pacers'),(1626168,'Trey Lyles','1995-11-05 00:00:00','81','Forward','Spurs'),(1626169,'Stanley Johnson','1996-05-29 00:00:00','78','Forward-Guard','Raptors'),(1626171,'Bobby Portis','1995-02-10 00:00:00','82','Forward','Bucks'),(1626172,'Kevon Looney','1996-02-06 00:00:00','81','Forward','Warriors'),(1626174,'Christian Wood','1995-09-27 00:00:00','82','Forward','Rockets'),(1626178,'Rondae Hollis-Jefferson','1995-01-03 00:00:00','78','Forward','Trail Blazers'),(1626179,'Terry Rozier','1994-03-17 00:00:00','73','Guard','Hornets'),(1626181,'Norman Powell','1993-05-25 00:00:00','75','Guard','Trail Blazers'),(1626187,'Michael Frazier II','1994-03-08 00:00:00','75','Guard','Rockets'),(1626192,'Pat Connaughton','1993-01-06 00:00:00','77','Guard','Bucks'),(1626195,'Willy Hernangomez','1994-05-27 00:00:00','83','Center-Forward','Pelicans'),(1626196,'Josh Richardson','1993-09-15 00:00:00','77','Guard','Mavericks'),(1626203,'Treveon Graham','1993-10-28 00:00:00','77','Guard-Forward','Hawks'),(1626204,'Larry Nance Jr.','1993-01-01 00:00:00','79','Forward-Center','Cavaliers'),(1626209,'Mario Hezonja','1995-02-25 00:00:00','80','Forward-Guard','Trail Blazers'),(1626220,'Royce O\'Neale','1993-06-05 00:00:00','76','Forward','Jazz'),(1626224,'Cedi Osman','1995-04-08 00:00:00','79','Forward','Cavaliers'),(1626245,'Cristiano Felicio','1992-07-07 00:00:00','83','Forward-Center','Bulls'),(1626246,'Boban Marjanovic','1988-08-15 00:00:00','88','Center','Mavericks'),(1626259,'Malcolm Miller','1993-03-06 00:00:00','79','Guard-Forward','Raptors'),(1627732,'Ben Simmons','1996-07-20 00:00:00','83','Guard-Forward','76ers'),(1627734,'Domantas Sabonis','1996-05-03 00:00:00','83','Forward-Center','Pacers'),(1627736,'Malik Beasley','1996-11-26 00:00:00','76','Guard','Timberwolves'),(1627739,'Kris Dunn','1994-03-18 00:00:00','75','Guard','Hawks'),(1627741,'Buddy Hield','1992-12-17 00:00:00','76','Guard','Kings'),(1627742,'Brandon Ingram','1997-09-02 00:00:00','80','Forward','Pelicans'),(1627745,'Damian Jones','1995-06-30 00:00:00','83','Center','Kings'),(1627746,'Skal Labissiere','1996-03-18 00:00:00','82','Forward-Center','Hawks'),(1627747,'Caris LeVert','1994-08-25 00:00:00','78','Guard','Pacers'),(1627749,'Dejounte Murray','1996-09-19 00:00:00','76','Guard','Spurs'),(1627750,'Jamal Murray','1997-02-23 00:00:00','75','Guard','Nuggets'),(1627751,'Jakob Poeltl','1995-10-15 00:00:00','85','Center','Spurs'),(1627752,'Taurean Prince','1994-03-22 00:00:00','79','Forward','Cavaliers'),(1627756,'Denzel Valentine','1993-11-16 00:00:00','76','Guard','Bulls'),(1627759,'Jaylen Brown','1996-10-24 00:00:00','78','Guard-Forward','Celtics'),(1627761,'DeAndre\' Bembry','1994-07-04 00:00:00','77','Guard-Forward','Raptors'),(1627763,'Malcolm Brogdon','1992-12-11 00:00:00','77','Guard','Pacers'),(1627767,'Cheick Diallo','1996-09-13 00:00:00','80','Forward-Center','Suns'),(1627774,'Jake Layman','1994-03-07 00:00:00','80','Forward','Timberwolves'),(1627777,'Georges Niang','1993-06-17 00:00:00','79','Forward','Jazz'),(1627780,'Gary Payton II','1992-12-01 00:00:00','75','Guard','Warriors'),(1627783,'Pascal Siakam','1994-04-02 00:00:00','81','Forward','Raptors'),(1627788,'Furkan Korkmaz','1997-07-24 00:00:00','79','Guard-Forward','76ers'),(1627789,'Timothe Luwawu-Cabarrot','1995-05-09 00:00:00','79','Guard-Forward','Nets'),(1627790,'Ante Zizic','1997-01-04 00:00:00','82','Center','Cavaliers'),(1627812,'Yogi Ferrell','1993-05-09 00:00:00','72','Guard','Clippers'),(1627814,'Damion Lee','1992-10-21 00:00:00','77','Guard-Forward','Warriors'),(1627823,'Juancho Hernangomez','1995-09-28 00:00:00','81','Forward','Timberwolves'),(1627826,'Ivica Zubac','1997-03-18 00:00:00','84','Center','Clippers'),(1627827,'Dorian Finney-Smith','1993-05-04 00:00:00','79','Forward','Mavericks'),(1627832,'Fred VanVleet','1994-02-25 00:00:00','73','Guard','Raptors'),(1627846,'Abdel Nader','1993-09-25 00:00:00','77','Forward','Suns'),(1627853,'Ryan Arcidiacono','1994-03-26 00:00:00','75','Guard','Bulls'),(1627854,'Bryn Forbes','1993-07-23 00:00:00','74','Guard','Bucks'),(1627863,'Danuel House Jr.','1993-06-07 00:00:00','78','Forward-Guard','Rockets'),(1627884,'Derrick Jones Jr.','1997-02-15 00:00:00','77','Forward','Trail Blazers'),(1627885,'Shaquille Harrison','1993-10-06 00:00:00','79','Guard','Nuggets'),(1627936,'Alex Caruso','1994-02-28 00:00:00','76','Guard','Lakers'),(1627982,'Josh Gray','1993-09-09 00:00:00','72','Guard','Pelicans'),(1628021,'David Nwaba','1993-01-14 00:00:00','77','Guard-Forward','Rockets'),(1628035,'Alfonzo McKinnie','1992-09-17 00:00:00','79','Forward','Lakers'),(1628365,'Markelle Fultz','1998-05-29 00:00:00','75','Guard','Magic'),(1628366,'Lonzo Ball','1997-10-27 00:00:00','78','Guard','Pelicans'),(1628367,'Josh Jackson','1997-02-10 00:00:00','80','Guard-Forward','Pistons'),(1628368,'De\'Aaron Fox','1997-12-20 00:00:00','75','Guard','Kings'),(1628369,'Jayson Tatum','1998-03-03 00:00:00','80','Forward-Guard','Celtics'),(1628370,'Malik Monk','1998-02-04 00:00:00','75','Guard','Hornets'),(1628371,'Jonathan Isaac','1997-10-03 00:00:00','83','Forward','Magic'),(1628372,'Dennis Smith Jr.','1997-11-25 00:00:00','74','Guard','Pistons'),(1628373,'Frank Ntilikina','1998-07-28 00:00:00','76','Guard','Knicks'),(1628374,'Lauri Markkanen','1997-05-22 00:00:00','84','Forward-Center','Bulls'),(1628378,'Donovan Mitchell','1996-09-07 00:00:00','73','Guard','Jazz'),(1628379,'Luke Kennard','1996-06-24 00:00:00','77','Guard','Clippers'),(1628380,'Zach Collins','1997-11-19 00:00:00','83','Forward-Center','Trail Blazers'),(1628381,'John Collins','1997-09-23 00:00:00','81','Forward-Center','Hawks'),(1628384,'OG Anunoby','1997-07-17 00:00:00','79','Forward','Raptors'),(1628385,'Harry Giles III','1998-04-22 00:00:00','83','Forward-Center','Trail Blazers'),(1628386,'Jarrett Allen','1998-04-21 00:00:00','83','Center','Cavaliers'),(1628388,'T.J. Leaf','1997-04-30 00:00:00','82','Forward','Trail Blazers'),(1628389,'Bam Adebayo','1997-07-18 00:00:00','81','Center-Forward','Heat'),(1628391,'D.J. Wilson','1996-02-19 00:00:00','82','Forward','Rockets'),(1628392,'Isaiah Hartenstein','1998-05-05 00:00:00','84','Center-Forward','Cavaliers'),(1628395,'Jordan Bell','1995-01-07 00:00:00','80','Forward','Wizards'),(1628396,'Tony Bradley','1998-01-08 00:00:00','82','Center-Forward','Thunder'),(1628398,'Kyle Kuzma','1995-07-24 00:00:00','82','Forward','Lakers'),(1628400,'Semi Ojeleye','1994-12-05 00:00:00','78','Forward','Celtics'),(1628401,'Derrick White','1994-07-02 00:00:00','76','Guard','Spurs'),(1628402,'Frank Jackson','1998-05-04 00:00:00','75','Guard','Pistons'),(1628403,'Caleb Swanigan','1997-04-18 00:00:00','81','Forward','Trail Blazers'),(1628404,'Josh Hart','1995-03-06 00:00:00','77','Guard','Pelicans'),(1628405,'Johnathan Motley','1995-05-04 00:00:00','80','Forward','Clippers'),(1628407,'Dwayne Bacon','1995-08-30 00:00:00','78','Guard-Forward','Magic'),(1628408,'PJ Dozier','1996-10-25 00:00:00','78','Guard-Forward','Nuggets'),(1628410,'Edmond Sumner','1995-12-31 00:00:00','76','Guard','Pacers'),(1628411,'Wes Iwundu','1994-12-20 00:00:00','78','Forward','Pelicans'),(1628415,'Dillon Brooks','1996-01-22 00:00:00','79','Guard-Forward','Grizzlies'),(1628418,'Thomas Bryant','1997-07-31 00:00:00','82','Center-Forward','Wizards'),(1628420,'Monte Morris','1995-06-27 00:00:00','74','Guard','Nuggets'),(1628422,'Damyean Dotson','1994-05-06 00:00:00','77','Guard','Cavaliers'),(1628424,'Kobi Simmons','1997-07-04 00:00:00','77','Guard','Hornets'),(1628425,'Sterling Brown','1995-02-10 00:00:00','77','Guard-Forward','Rockets'),(1628427,'Vlatko Cancar','1997-04-10 00:00:00','80','Forward','Nuggets'),(1628430,'Nigel Williams-Goss','1994-09-16 00:00:00','74','Guard','Jazz'),(1628436,'Luke Kornet','1995-07-15 00:00:00','86','Forward-Center','Celtics'),(1628449,'Chris Boucher','1993-01-11 00:00:00','81','Forward-Center','Raptors'),(1628464,'Daniel Theis','1992-04-04 00:00:00','80','Forward-Center','Bulls'),(1628467,'Maxi Kleber','1992-01-29 00:00:00','82','Forward','Mavericks'),(1628470,'Torrey Craig','1990-12-19 00:00:00','79','Forward','Suns'),(1628499,'Antonius Cleveland','1994-02-02 00:00:00','77','Guard','Mavericks'),(1628513,'Naz Mitrou-Long','1993-08-03 00:00:00','75','Guard','Pacers'),(1628778,'Paul Watson','1994-12-30 00:00:00','78','Guard','Raptors'),(1628960,'Grayson Allen','1995-10-08 00:00:00','76','Guard','Grizzlies'),(1628961,'Kostas Antetokounmpo','1997-11-20 00:00:00','82','Forward','Lakers'),(1628963,'Marvin Bagley III','1999-03-14 00:00:00','83','Forward','Kings'),(1628964,'Mo Bamba','1998-05-12 00:00:00','84','Center','Magic'),(1628966,'Keita Bates-Diop','1996-01-23 00:00:00','80','Forward','Spurs'),(1628968,'Brian Bowen II','1998-10-02 00:00:00','78','Forward-Guard','Pacers'),(1628969,'Mikal Bridges','1996-08-30 00:00:00','78','Forward','Suns'),(1628970,'Miles Bridges','1998-03-21 00:00:00','78','Forward','Hornets'),(1628971,'Bruce Brown','1996-08-15 00:00:00','76','Guard-Forward','Nets'),(1628972,'Troy Brown Jr.','1999-07-28 00:00:00','78','Guard-Forward','Bulls'),(1628973,'Jalen Brunson','1996-08-31 00:00:00','73','Guard','Mavericks'),(1628975,'Jevon Carter','1995-09-14 00:00:00','73','Guard','Suns'),(1628976,'Wendell Carter Jr.','1999-04-16 00:00:00','82','Center-Forward','Magic'),(1628977,'Hamidou Diallo','1998-07-31 00:00:00','77','Guard','Pistons'),(1628978,'Donte DiVincenzo','1997-01-31 00:00:00','76','Guard','Bucks'),(1628980,'Jacob Evans','1997-06-18 00:00:00','76','Guard-Forward','Timberwolves'),(1628981,'Bruno Fernando','1998-08-15 00:00:00','81','Forward-Center','Hawks'),(1628982,'Melvin Frazier Jr.','1996-08-30 00:00:00','77','Guard-Forward','Magic'),(1628983,'Shai Gilgeous-Alexander','1998-07-12 00:00:00','78','Guard-Forward','Thunder'),(1628984,'Devonte\' Graham','1995-02-22 00:00:00','73','Guard','Hornets'),(1628985,'Devon Hall','1995-07-07 00:00:00','77','Guard','Thunder'),(1628987,'Kevin Hervey','1996-07-09 00:00:00','81','Forward','Thunder'),(1628988,'Aaron Holiday','1996-09-30 00:00:00','72','Guard','Pacers'),(1628989,'Kevin Huerter','1998-08-27 00:00:00','79','Guard-Forward','Hawks'),(1628990,'Chandler Hutchison','1996-04-26 00:00:00','78','Forward-Guard','Wizards'),(1628991,'Jaren Jackson Jr.','1999-09-15 00:00:00','83','Forward-Center','Grizzlies'),(1628993,'Alize Johnson','1996-04-22 00:00:00','79','Forward','Nets'),(1628995,'Kevin Knox II','1999-08-11 00:00:00','79','Forward','Knicks'),(1628997,'Caleb Martin','1995-09-28 00:00:00','77','Forward','Hornets'),(1628998,'Cody Martin','1995-09-28 00:00:00','77','Forward','Hornets'),(1629001,'De\'Anthony Melton','1998-05-28 00:00:00','74','Guard','Grizzlies'),(1629002,'Chimezie Metu','1997-03-22 00:00:00','81','Forward-Center','Kings'),(1629003,'Shake Milton','1996-09-26 00:00:00','77','Guard-Forward','76ers'),(1629004,'Svi Mykhailiuk','1997-06-10 00:00:00','79','Guard-Forward','Thunder'),(1629006,'Josh Okogie','1998-09-01 00:00:00','76','Guard','Timberwolves'),(1629008,'Michael Porter Jr.','1998-06-29 00:00:00','82','Forward','Nuggets'),(1629011,'Mitchell Robinson','1998-04-01 00:00:00','84','Center-Forward','Knicks'),(1629012,'Collin Sexton','1999-01-04 00:00:00','73','Guard','Cavaliers'),(1629013,'Landry Shamet','1997-03-13 00:00:00','76','Guard','Nets'),(1629014,'Anfernee Simons','1999-06-08 00:00:00','75','Guard','Trail Blazers'),(1629015,'Zhaire Smith','1999-06-04 00:00:00','75','Guard','76ers'),(1629016,'Omari Spellman','1997-07-21 00:00:00','80','Forward','Timberwolves'),(1629017,'Khyri Thomas','1996-05-08 00:00:00','75','Guard','Pistons'),(1629018,'Gary Trent Jr.','1999-01-18 00:00:00','77','Guard-Forward','Raptors'),(1629020,'Jarred Vanderbilt','1999-04-03 00:00:00','81','Forward','Timberwolves'),(1629022,'Lonnie Walker IV','1998-12-14 00:00:00','76','Guard-Forward','Spurs'),(1629023,'P.J. Washington','1998-08-23 00:00:00','79','Forward','Hornets'),(1629026,'Kenrich Williams','1994-12-02 00:00:00','78','Guard-Forward','Thunder'),(1629027,'Trae Young','1998-09-19 00:00:00','73','Guard','Hawks'),(1629028,'Deandre Ayton','1998-07-23 00:00:00','83','Center','Suns'),(1629029,'Luka Doncic','1999-02-28 00:00:00','79','Forward-Guard','Mavericks'),(1629033,'Theo Pinson','1995-11-05 00:00:00','77','Guard-Forward','Knicks'),(1629035,'Carsen Edwards','1998-03-12 00:00:00','71','Guard','Celtics'),(1629048,'Goga Bitadze','1999-07-20 00:00:00','83','Center-Forward','Pacers'),(1629056,'Terence Davis','1997-05-16 00:00:00','76','Guard','Kings'),(1629057,'Robert Williams III','1997-10-17 00:00:00','80','Center-Forward','Celtics'),(1629058,'Dzanan Musa','1999-05-08 00:00:00','81','Guard-Forward','Nets'),(1629059,'Elie Okobo','1997-10-23 00:00:00','75','Forward-Guard','Suns'),(1629060,'Rui Hachimura','1998-02-08 00:00:00','80','Forward','Wizards'),(1629065,'Ky Bowman','1997-06-16 00:00:00','73','Guard','Warriors'),(1629066,'Rodions Kurucs','1998-02-05 00:00:00','81','Forward','Bucks'),(1629067,'Isaac Bonga','1999-11-08 00:00:00','80','Guard','Wizards'),(1629076,'Tyler Cook','1997-09-23 00:00:00','80','Forward','Pistons'),(1629103,'Kelan Martin','1995-08-03 00:00:00','77','Forward','Pacers'),(1629117,'Wenyen Gabriel','1997-03-26 00:00:00','81','Forward','Pelicans'),(1629126,'Deonte Burton','1994-01-31 00:00:00','76','Guard-Forward','Thunder'),(1629130,'Duncan Robinson','1994-04-22 00:00:00','79','Forward','Heat'),(1629134,'Kendrick Nunn','1995-08-03 00:00:00','74','Guard','Heat'),(1629139,'Yuta Watanabe','1994-10-13 00:00:00','81','Guard-Forward','Raptors'),(1629140,'Johnathan Williams','1995-05-22 00:00:00','81','Forward','Wizards'),(1629151,'Ryan Broekhoff','1990-08-23 00:00:00','78','Guard-Forward','76ers'),(1629162,'Jordan McLaughlin','1996-04-09 00:00:00','71','Guard','Timberwolves'),(1629164,'Brandon Goodwin','1995-10-02 00:00:00','72','Guard','Hawks'),(1629168,'BJ Johnson','1995-12-21 00:00:00','79','Forward','Magic'),(1629185,'Chris Chiozza','1995-11-21 00:00:00','71','Guard','Nets'),(1629216,'Gabe Vincent','1996-06-14 00:00:00','75','Guard','Heat'),(1629234,'Drew Eubanks','1997-02-01 00:00:00','81','Forward-Center','Spurs'),(1629346,'Alen Smailagic','2000-08-18 00:00:00','82','Forward','Warriors'),(1629597,'Zylan Cheatham','1995-11-17 00:00:00','77','Forward','Pelicans'),(1629598,'Chris Clemons','1997-07-23 00:00:00','69','Guard','Rockets'),(1629599,'Amir Coffey','1997-06-17 00:00:00','79','Guard-Forward','Clippers'),(1629605,'Tacko Fall','1995-12-10 00:00:00','89','Center','Celtics'),(1629607,'Jared Harper','1997-09-14 00:00:00','70','Guard','Knicks'),(1629608,'Dewan Hernandez','1996-12-09 00:00:00','82','Center-Forward','Raptors'),(1629610,'DaQuan Jeffries','1997-08-30 00:00:00','77','Guard-Forward','Rockets'),(1629611,'Terance Mann','1996-10-18 00:00:00','77','Guard-Forward','Clippers'),(1629620,'Justin Robinson','1997-10-12 00:00:00','73','Guard','Thunder'),(1629621,'Marial Shayok','1995-07-26 00:00:00','77','Guard-Forward','76ers'),(1629622,'Max Strus','1996-03-28 00:00:00','77','Guard-Forward','Heat'),(1629624,'Kenny Wooten','1998-04-17 00:00:00','80','Forward','Knicks'),(1629625,'Justin Wright-Foreman','1997-10-27 00:00:00','72','Guard','Jazz'),(1629626,'Bol Bol','1999-11-16 00:00:00','86','Center-Forward','Nuggets'),(1629627,'Zion Williamson','2000-07-06 00:00:00','79','Forward','Pelicans'),(1629628,'RJ Barrett','2000-06-14 00:00:00','78','Forward-Guard','Knicks'),(1629629,'Cam Reddish','1999-09-01 00:00:00','80','Forward-Guard','Hawks'),(1629630,'Ja Morant','1999-08-10 00:00:00','75','Guard','Grizzlies'),(1629631,'De\'Andre Hunter','1997-12-02 00:00:00','80','Forward-Guard','Hawks'),(1629632,'Coby White','2000-02-16 00:00:00','77','Guard','Bulls'),(1629633,'Jarrett Culver','1999-02-20 00:00:00','78','Guard-Forward','Timberwolves'),(1629634,'Brandon Clarke','1996-09-19 00:00:00','80','Forward','Grizzlies'),(1629635,'Sekou Doumbouya','2000-12-23 00:00:00','80','Forward','Pistons'),(1629636,'Darius Garland','2000-01-26 00:00:00','73','Guard','Cavaliers'),(1629637,'Jaxson Hayes','2000-05-23 00:00:00','83','Center-Forward','Pelicans'),(1629638,'Nickeil Alexander-Walker','1998-09-02 00:00:00','78','Guard','Pelicans'),(1629639,'Tyler Herro','2000-01-20 00:00:00','77','Guard','Heat'),(1629640,'Keldon Johnson','1999-10-11 00:00:00','77','Forward-Guard','Spurs'),(1629641,'Romeo Langford','1999-10-25 00:00:00','76','Guard-Forward','Celtics'),(1629642,'Nassir Little','2000-02-11 00:00:00','77','Forward-Guard','Trail Blazers'),(1629644,'KZ Okpala','1999-04-28 00:00:00','80','Forward-Guard','Heat'),(1629645,'Kevin Porter Jr.','2000-05-04 00:00:00','76','Guard-Forward','Rockets'),(1629647,'Darius Bazley','2000-06-12 00:00:00','80','Forward-Guard','Thunder'),(1629650,'Moses Brown','1999-10-13 00:00:00','86','Center','Thunder'),(1629651,'Nicolas Claxton','1999-04-17 00:00:00','83','Forward-Center','Nets'),(1629652,'Luguentz Dort','1999-04-19 00:00:00','75','Guard','Thunder'),(1629655,'Daniel Gafford','1998-10-01 00:00:00','82','Forward-Center','Wizards'),(1629657,'Kyle Guy','1997-08-11 00:00:00','73','Guard','Kings'),(1629658,'Jaylen Hoard','1999-03-30 00:00:00','80','Forward','Thunder'),(1629659,'Talen Horton-Tucker','2000-11-25 00:00:00','76','Guard','Lakers'),(1629660,'Ty Jerome','1997-07-08 00:00:00','77','Guard-Forward','Thunder'),(1629661,'Cameron Johnson','1996-03-03 00:00:00','80','Forward','Suns'),(1629663,'Louis King','1999-04-06 00:00:00','79','Forward','Pistons'),(1629667,'Jalen McDaniels','1998-01-31 00:00:00','81','Forward-Center','Hornets'),(1629669,'Jaylen Nowell','1999-07-09 00:00:00','76','Guard','Timberwolves'),(1629671,'Miye Oni','1997-08-04 00:00:00','77','Guard-Forward','Jazz'),(1629672,'Eric Paschall','1996-11-04 00:00:00','78','Forward','Warriors'),(1629673,'Jordan Poole','1999-06-19 00:00:00','76','Guard','Warriors'),(1629675,'Naz Reid','1999-08-26 00:00:00','81','Center-Forward','Timberwolves'),(1629676,'Isaiah Roby','1998-02-03 00:00:00','80','Forward','Thunder'),(1629677,'Luka Samanic','2000-01-09 00:00:00','82','Forward','Spurs'),(1629678,'Admiral Schofield','1997-03-30 00:00:00','77','Guard-Forward','Wizards'),(1629680,'Matisse Thybulle','1997-03-04 00:00:00','77','Guard-Forward','76ers'),(1629682,'Tremont Waters','1998-01-10 00:00:00','70','Guard','Celtics'),(1629683,'Quinndary Weatherspoon','1996-09-10 00:00:00','75','Guard','Spurs'),(1629684,'Grant Williams','1998-11-30 00:00:00','78','Forward','Celtics'),(1629685,'Dylan Windler','1996-09-22 00:00:00','78','Guard-Forward','Cavaliers'),(1629690,'Adam Mokoka','1998-07-18 00:00:00','76','Guard','Bulls'),(1629713,'Justin James','1997-01-24 00:00:00','79','Guard-Forward','Kings'),(1629714,'Jarrell Brantley','1996-06-07 00:00:00','77','Forward','Jazz'),(1629718,'Charlie Brown Jr.','1997-02-02 00:00:00','78','Guard','Hawks'),(1629719,'Devontae Cacok','1996-10-08 00:00:00','79','Forward','Lakers'),(1629723,'John Konchar','1996-03-22 00:00:00','77','Guard','Grizzlies'),(1629724,'Vic Law','1995-12-19 00:00:00','79','Forward','Magic'),(1629725,'Jeremiah Martin','1996-06-19 00:00:00','74','Guard','Nets'),(1629726,'Garrison Mathews','1996-10-24 00:00:00','77','Guard','Wizards'),(1629729,'Josh Reaves','1997-06-04 00:00:00','76','Guard-Forward','Mavericks'),(1629730,'Rayjon Tucker','1997-09-24 00:00:00','75','Guard','76ers'),(1629731,'Dean Wade','1996-11-20 00:00:00','81','Forward-Center','Cavaliers'),(1629734,'Kyle Alexander','1996-10-21 00:00:00','82','Forward-Center','Heat'),(1629735,'Chris Silva','1996-09-19 00:00:00','80','Forward','Kings'),(1629739,'William Howard','1993-10-25 00:00:00','80','Forward-Guard','Rockets'),(1629740,'Nicolo Melli','1991-01-26 00:00:00','81','Forward','Mavericks'),(1629741,'Marko Guduric','1995-03-08 00:00:00','78','Guard','Grizzlies'),(1629744,'Matt Thomas','1994-08-04 00:00:00','76','Guard','Jazz'),(1629745,'Tariq Owens','1995-06-30 00:00:00','82','Forward','Suns'),(1629750,'Javonte Green','1993-07-23 00:00:00','76','Guard-Forward','Bulls'),(1629752,'Juwan Morgan','1997-04-17 00:00:00','79','Forward','Jazz'),(1629760,'Matt Mooney','1997-02-07 00:00:00','74','Guard','Cavaliers');
/*!40000 ALTER TABLE `players` ENABLE KEYS */;
UNLOCK TABLES;

--
-- Table structure for table `playerstats`
--

DROP TABLE IF EXISTS `playerstats`;
/*!40101 SET @saved_cs_client     = @@character_set_client */;
/*!50503 SET character_set_client = utf8mb4 */;
CREATE TABLE `playerstats` (
  `GP` int DEFAULT NULL,
  `PPG` decimal(3,1) DEFAULT NULL,
  `RPG` decimal(3,1) DEFAULT NULL,
  `APG` decimal(3,1) DEFAULT NULL,
  `SPG` decimal(3,1) DEFAULT NULL,
  `BPG` decimal(3,1) DEFAULT NULL,
  `TOV` decimal(3,1) DEFAULT NULL,
  `PlayerID` int NOT NULL,
  PRIMARY KEY (`PlayerID`),
  CONSTRAINT `playerstats_ibfk_1` FOREIGN KEY (`PlayerID`) REFERENCES `players` (`Id`)
) ENGINE=InnoDB DEFAULT CHARSET=utf8mb4 COLLATE=utf8mb4_0900_ai_ci;
/*!40101 SET character_set_client = @saved_cs_client */;

--
-- Dumping data for table `playerstats`
--

LOCK TABLES `playerstats` WRITE;
/*!40000 ALTER TABLE `playerstats` DISABLE KEYS */;
INSERT INTO `playerstats` VALUES (1691,16.9,4.3,3.1,1.0,0.6,1.7,1713),(1215,8.0,8.9,0.8,0.5,1.1,1.4,2199),(1004,11.4,6.1,1.8,1.1,0.8,1.8,2403),(1306,27.0,7.4,7.4,1.6,0.8,3.5,2544),(1255,23.2,6.4,2.8,1.0,0.5,2.5,2546),(1444,9.7,2.9,1.7,0.6,0.3,1.0,2594),(858,7.6,6.7,0.8,0.5,0.3,0.9,2617),(1168,16.3,12.1,1.4,0.9,1.9,2.8,2730),(1181,11.7,5.0,4.2,1.5,0.5,1.9,2738),(1295,10.1,4.7,2.1,1.4,0.3,1.3,2772),(1130,10.0,5.1,1.3,0.8,0.5,0.9,101107),(1076,18.3,4.5,9.4,2.2,0.1,2.4,101108),(688,9.5,2.5,0.9,0.5,0.3,1.1,101123),(618,5.2,4.4,0.6,0.6,0.7,1.0,101133),(1042,10.5,5.7,1.2,0.7,0.4,1.0,101141),(1188,14.5,2.2,3.4,0.9,0.2,1.7,101150),(1055,19.2,8.1,2.0,0.7,1.1,1.5,200746),(1143,17.1,5.9,2.2,1.2,0.8,2.2,200752),(1044,12.8,2.0,2.1,0.4,0.1,1.2,200755),(935,5.8,3.7,1.4,1.1,0.4,0.9,200757),(1013,9.7,4.6,7.9,1.6,0.1,2.7,200765),(1031,14.3,4.2,6.0,1.3,0.3,2.3,200768),(813,7.0,5.7,1.4,1.2,0.3,1.0,200782),(1041,13.8,7.2,2.2,1.3,1.0,1.7,200794),(831,8.9,2.1,3.9,0.4,0.0,1.5,200826),(873,27.0,7.0,4.1,1.1,1.1,3.1,201142),(881,13.9,8.2,3.3,0.8,1.2,1.6,201143),(881,14.9,3.0,5.7,1.4,0.2,2.0,201144),(1243,12.8,4.3,1.6,0.7,0.5,1.4,201145),(1094,13.2,5.9,1.8,1.5,0.4,1.5,201152),(940,9.9,2.0,1.7,0.6,0.1,1.0,201158),(971,7.2,3.1,1.5,0.8,0.2,0.8,201162),(799,12.4,5.3,1.8,0.7,0.7,1.4,201163),(962,14.1,7.5,3.5,0.9,1.4,2.0,201188),(897,6.3,3.5,0.9,0.4,0.3,0.7,201229),(697,17.8,3.2,5.3,0.8,0.3,2.5,201565),(928,23.2,7.3,8.5,1.7,0.3,4.1,201566),(727,18.1,11.1,2.4,0.7,0.4,2.0,201567),(712,16.0,4.9,2.0,0.8,0.4,1.3,201568),(692,16.6,2.5,2.8,0.9,0.3,2.0,201569),(1181,9.7,1.9,3.9,0.6,0.0,1.5,201571),(841,16.5,6.3,1.5,0.6,1.8,1.7,201572),(889,8.8,5.0,0.8,0.2,1.1,1.1,201577),(859,8.0,5.3,0.4,0.4,1.5,1.0,201580),(1003,9.4,2.6,1.6,1.0,0.3,0.9,201584),(926,12.7,7.3,0.8,0.4,2.0,1.3,201586),(845,11.4,5.2,3.7,1.0,0.6,1.8,201587),(942,10.8,3.0,3.1,0.9,0.3,1.2,201588),(994,9.5,10.8,1.1,0.6,1.5,1.4,201599),(1003,13.6,3.0,4.7,1.0,0.2,2.2,201609),(744,20.7,8.4,4.4,0.9,0.5,2.5,201933),(917,25.2,5.6,6.7,1.5,0.5,3.7,201935),(618,11.1,4.2,7.7,1.8,0.1,2.6,201937),(749,24.0,4.6,6.6,1.7,0.2,3.1,201939),(868,20.1,4.4,3.8,1.0,0.3,2.0,201942),(784,7.8,3.6,2.1,0.8,0.9,1.4,201949),(758,16.0,4.0,6.3,1.5,0.5,2.7,201950),(918,11.9,2.4,5.4,1.1,0.3,2.1,201952),(909,9.5,6.2,1.0,0.6,1.0,1.2,201959),(638,8.4,4.0,1.2,0.9,0.2,0.8,201960),(853,8.2,2.1,1.2,0.6,0.1,0.7,201961),(462,8.9,4.3,3.4,1.2,0.5,1.3,201976),(744,9.0,3.5,1.6,1.0,0.8,1.0,201980),(725,9.0,1.7,2.3,0.7,0.1,1.0,201988),(743,6.4,2.3,1.7,0.8,0.3,0.9,202066),(909,12.6,2.9,2.1,1.0,0.2,1.2,202083),(611,19.1,4.3,9.1,1.7,0.7,3.8,202322),(786,10.1,4.7,3.5,0.8,0.2,1.9,202323),(815,10.6,7.1,1.1,0.7,1.2,1.3,202324),(699,20.7,10.5,3.3,1.4,1.2,3.4,202326),(726,7.5,6.0,1.2,1.0,0.6,1.2,202329),(685,15.6,4.5,3.5,1.0,0.4,2.0,202330),(697,20.2,6.4,3.5,1.7,0.4,2.6,202331),(771,6.3,6.5,0.8,0.5,0.8,0.8,202334),(848,7.1,4.1,1.0,0.5,0.4,0.7,202335),(762,14.3,3.9,4.8,1.4,0.5,2.6,202339),(726,11.4,2.8,1.8,1.0,0.2,1.4,202340),(445,13.3,11.3,0.7,0.6,2.3,1.6,202355),(409,7.7,4.6,1.7,0.6,0.4,1.0,202357),(892,7.3,2.4,3.8,0.7,0.2,1.3,202397),(570,22.8,3.8,5.7,1.3,0.4,2.6,202681),(840,12.1,8.2,0.9,0.4,0.5,1.6,202683),(662,9.3,8.7,1.0,0.5,0.7,1.2,202684),(658,13.0,9.1,1.0,0.4,1.0,1.6,202685),(687,5.2,6.2,0.6,0.3,1.3,0.9,202687),(573,13.6,3.0,3.9,0.9,0.2,2.3,202688),(698,19.8,3.8,5.4,1.3,0.4,2.2,202689),(615,19.5,3.5,2.3,0.9,0.5,1.7,202691),(669,10.7,3.4,2.0,0.7,0.2,1.2,202692),(867,11.0,5.2,1.6,0.8,0.5,1.5,202693),(793,12.1,4.5,1.4,0.7,0.3,1.2,202694),(570,19.3,6.4,2.9,1.8,0.6,1.6,202695),(714,17.4,10.4,2.8,0.9,0.9,1.7,202696),(960,16.4,6.2,2.2,0.7,0.5,1.4,202699),(726,12.8,3.1,4.4,0.7,0.1,1.9,202704),(714,7.0,2.6,2.9,0.8,0.2,1.0,202709),(687,17.4,5.2,4.0,1.7,0.5,1.6,202710),(601,14.3,3.5,1.5,0.5,0.1,1.6,202711),(316,8.5,2.8,1.1,0.5,0.4,0.6,202722),(595,7.9,2.0,1.8,0.7,0.2,0.9,202734),(207,5.5,1.7,2.5,0.7,0.2,1.0,202954),(551,23.9,10.3,2.3,1.4,2.4,1.9,203076),(471,8.1,5.3,1.1,0.6,0.7,0.9,203077),(593,21.8,4.0,4.0,1.1,0.4,2.4,203078),(509,12.9,2.6,2.6,1.0,0.3,1.7,203079),(667,24.6,4.2,6.6,1.0,0.3,2.8,203081),(685,11.3,2.8,1.2,0.9,0.4,0.9,203082),(720,14.9,13.8,1.5,1.5,1.5,2.2,203083),(744,14.1,5.0,1.7,0.7,0.2,1.2,203084),(725,8.8,2.1,2.2,0.7,0.2,1.1,203085),(517,10.4,3.7,1.6,0.7,0.4,0.8,203087),(485,7.4,5.2,1.1,0.5,1.4,1.1,203089),(647,6.8,3.6,1.0,0.9,0.6,0.8,203090),(583,14.6,2.7,2.7,0.9,0.1,1.7,203095),(320,7.4,3.0,4.2,0.9,0.2,1.4,203107),(889,9.5,4.2,1.6,0.9,0.3,0.9,203109),(626,8.8,6.9,5.2,1.4,1.0,2.1,203110),(572,16.7,4.8,3.6,1.2,0.2,2.0,203114),(608,10.8,4.1,2.5,0.8,0.4,1.4,203115),(621,6.7,3.2,0.9,0.3,0.1,0.6,203118),(472,5.4,4.6,1.4,0.4,1.0,1.0,203124),(742,8.3,3.2,1.7,1.0,0.5,1.4,203145),(622,8.4,3.0,1.5,1.0,0.4,0.9,203200),(495,8.0,5.9,0.9,0.6,0.4,1.1,203210),(519,5.9,4.6,0.8,0.2,0.5,0.9,203382),(464,7.8,6.2,1.1,1.3,1.4,1.3,203457),(620,7.8,5.8,0.9,0.4,1.0,1.2,203458),(517,8.8,2.4,1.0,0.6,0.2,1.1,203463),(513,18.8,3.3,3.2,0.9,0.4,1.7,203468),(456,8.6,6.0,1.4,0.7,0.7,1.1,203469),(550,14.2,2.9,4.6,0.8,0.1,2.4,203471),(472,6.1,5.8,0.6,0.5,0.9,1.0,203473),(632,7.7,5.9,1.3,0.8,0.9,1.1,203476),(614,10.1,5.2,1.9,0.8,0.5,1.4,203482),(593,11.4,3.1,1.6,1.1,0.2,1.0,203484),(665,8.7,6.6,2.5,0.8,0.9,1.5,203486),(485,10.6,4.4,4.6,1.3,0.5,2.4,203487),(453,6.1,3.3,1.0,0.3,0.5,0.6,203488),(525,11.2,5.1,1.6,1.1,0.4,0.8,203490),(452,7.5,2.3,1.2,0.6,0.1,0.6,203493),(556,12.3,5.9,1.5,1.7,1.0,1.6,203496),(531,12.0,11.2,1.4,0.7,2.2,1.6,203497),(584,9.6,7.7,1.2,0.9,1.0,1.4,203500),(594,14.2,2.8,1.9,0.6,0.1,1.1,203501),(541,6.4,2.3,1.2,0.5,0.2,0.6,203503),(534,10.0,1.8,3.2,0.6,0.1,1.1,203504),(487,17.7,4.6,4.0,1.6,0.5,2.6,203506),(576,20.8,9.1,4.5,1.2,1.3,2.8,203507),(607,6.8,3.3,0.9,0.6,0.3,0.8,203516),(492,5.6,1.8,3.7,0.4,0.0,1.3,203521),(480,5.7,3.1,1.5,0.7,0.2,0.9,203524),(304,5.4,1.4,1.9,0.6,0.1,0.9,203526),(303,10.3,2.0,1.9,0.7,0.1,1.0,203552),(433,6.0,1.2,0.5,0.3,0.1,0.5,203584),(234,5.9,3.0,1.3,0.5,0.2,0.7,203585),(67,3.2,2.0,0.8,0.4,0.2,0.8,203648),(38,2.2,2.6,0.3,0.1,1.1,0.6,203658),(401,7.5,2.0,2.8,0.9,0.1,1.4,203894),(182,7.5,2.0,1.6,0.4,0.3,0.8,203895),(406,19.0,3.8,3.8,0.9,0.3,2.7,203897),(500,11.2,4.3,6.3,1.3,0.3,2.4,203901),(659,14.9,3.1,2.5,0.8,0.1,1.6,203903),(418,11.9,2.6,2.1,1.2,0.2,1.2,203914),(320,12.9,2.8,5.0,0.7,0.3,1.8,203915),(569,11.2,2.6,1.7,0.7,0.2,1.0,203918),(246,5.0,4.6,1.0,0.5,0.6,0.5,203920),(584,9.9,3.7,1.2,0.6,1.1,1.0,203924),(389,11.0,3.2,1.7,0.5,0.2,1.1,203925),(609,8.6,2.4,0.9,0.2,0.1,0.6,203926),(477,12.8,6.4,2.6,0.8,0.7,1.5,203932),(332,15.5,4.1,1.2,1.0,0.5,1.0,203933),(439,10.2,3.5,4.2,1.6,0.4,1.7,203935),(421,6.3,4.2,2.2,1.0,0.6,0.9,203937),(442,7.1,4.3,0.9,0.6,0.4,0.6,203939),(433,17.1,9.2,3.2,0.7,0.4,2.6,203944),(566,19.7,4.5,2.5,1.0,0.7,2.1,203952),(397,14.5,5.8,2.1,0.9,0.4,1.9,203953),(248,24.9,11.4,3.1,0.8,1.7,3.5,203954),(280,5.5,1.8,2.0,0.4,0.2,1.2,203957),(301,5.1,2.6,0.7,0.4,0.5,0.8,203960),(426,11.7,5.9,1.9,0.6,0.2,1.6,203967),(385,12.6,10.4,0.9,0.7,1.6,1.2,203991),(242,13.7,3.3,3.4,1.0,0.2,1.6,203992),(405,11.4,7.9,2.0,0.8,1.3,2.1,203994),(438,18.2,9.8,5.9,1.2,0.7,2.6,203999),(280,18.7,7.9,1.5,0.7,2.0,1.7,204001),(436,9.9,3.0,2.4,0.8,0.4,1.1,204020),(396,5.0,2.4,4.0,0.7,0.1,1.3,204025),(513,8.2,2.4,1.6,0.7,0.1,0.6,204038),(531,8.7,3.3,3.7,1.0,0.2,1.6,204060),(439,6.6,2.9,4.9,1.3,0.2,1.6,204456),(266,10.1,4.6,0.9,0.3,0.8,1.3,1626143),(364,10.6,2.8,3.7,0.7,0.3,2.1,1626144),(368,5.8,1.6,3.6,1.0,0.1,0.7,1626145),(301,5.7,2.7,0.7,0.5,0.3,0.7,1626147),(376,12.9,5.2,1.3,0.6,0.9,1.2,1626149),(444,8.1,3.4,3.3,1.2,0.4,1.0,1626153),(391,18.2,3.6,5.4,1.1,0.3,2.9,1626156),(395,22.9,11.7,2.9,0.8,1.5,2.6,1626157),(320,9.3,5.6,1.1,0.6,1.1,0.9,1626158),(258,8.9,5.3,2.7,0.9,0.4,1.5,1626159),(440,9.0,6.1,1.5,0.9,0.9,0.9,1626161),(468,12.0,4.4,1.0,1.0,0.5,1.1,1626162),(355,9.4,4.0,1.6,0.4,0.4,0.8,1626163),(395,22.9,3.7,4.7,0.8,0.3,3.3,1626164),(389,12.7,6.6,1.2,0.7,2.2,1.3,1626167),(374,7.3,4.2,1.0,0.4,0.3,0.8,1626168),(426,6.3,3.1,1.4,0.9,0.2,1.1,1626169),(418,10.8,6.3,1.2,0.6,0.3,1.1,1626171),(271,4.3,3.9,1.1,0.5,0.5,0.5,1626172),(169,11.8,5.6,0.8,0.5,0.8,1.1,1626174),(298,9.2,5.6,1.9,0.9,0.5,1.3,1626178),(389,11.2,3.8,2.8,0.8,0.2,1.2,1626179),(417,11.4,2.5,1.4,0.8,0.2,1.2,1626181),(13,2.1,0.8,0.2,0.2,0.0,0.4,1626187),(337,5.2,3.1,1.3,0.4,0.3,0.5,1626192),(291,6.6,5.2,1.0,0.4,0.4,0.9,1626195),(360,12.4,3.2,2.9,1.1,0.6,1.4,1626196),(235,4.3,2.3,0.8,0.4,0.1,0.4,1626203),(413,8.3,6.7,1.8,1.3,0.5,1.0,1626204),(330,6.9,3.1,1.3,0.7,0.2,1.1,1626209),(279,5.8,4.7,2.0,0.7,0.4,0.9,1626220),(251,9.6,3.5,2.1,0.7,0.2,1.2,1626224),(245,4.4,4.0,0.7,0.3,0.2,0.6,1626245),(351,6.3,4.1,0.6,0.2,0.4,0.8,1626246),(53,2.0,0.7,0.3,0.1,0.1,0.2,1626259),(265,16.1,8.2,7.8,1.7,0.7,3.4,1627732),(344,13.3,8.5,3.1,0.7,0.4,2.1,1627734),(312,10.1,2.4,1.2,0.6,0.1,0.8,1627736),(227,8.3,3.3,4.2,1.5,0.4,1.8,1627739),(455,15.0,4.0,2.2,0.7,0.2,1.6,1627741),(305,17.7,5.0,3.5,0.7,0.6,2.3,1627742),(154,4.1,2.7,0.5,0.3,0.6,0.5,1627745),(170,6.7,4.1,1.0,0.3,0.6,1.0,1627746),(279,14.0,3.9,3.9,1.1,0.3,1.9,1627747),(239,9.8,5.3,3.5,1.3,0.3,1.6,1627749),(345,16.3,3.6,3.8,1.0,0.3,2.0,1627750),(334,5.9,5.3,1.1,0.5,1.1,0.9,1627751),(340,11.1,4.1,1.9,0.9,0.5,1.7,1627752),(220,7.6,3.6,2.0,0.7,0.1,0.9,1627756),(332,14.9,4.7,1.7,0.9,0.4,1.7,1627759),(228,6.0,3.3,1.9,1.0,0.4,1.4,1627761),(292,15.0,4.0,4.7,0.9,0.2,1.7,1627763),(180,5.3,4.2,0.4,0.3,0.4,0.6,1627767),(206,5.3,1.8,0.6,0.4,0.3,0.5,1627774),(215,4.6,1.8,0.6,0.2,0.1,0.5,1627777),(90,3.3,2.1,1.2,0.6,0.2,0.5,1627780),(322,14.0,5.8,2.6,0.8,0.7,1.6,1627783),(180,8.0,2.1,1.1,0.6,0.2,0.7,1627788),(319,6.0,2.1,0.9,0.4,0.1,0.7,1627789),(113,6.0,3.9,0.6,0.2,0.4,0.7,1627790),(297,8.1,2.1,2.5,0.7,0.1,1.0,1627812),(153,8.6,3.6,1.6,0.8,0.1,0.8,1627814),(293,5.6,3.6,0.7,0.4,0.2,0.5,1627823),(331,7.9,6.0,1.0,0.3,0.8,1.0,1627826),(299,7.3,4.5,1.2,0.7,0.4,0.8,1627827),(276,11.9,2.8,4.4,1.2,0.3,1.4,1627832),(188,4.7,1.9,0.5,0.4,0.3,0.6,1627846),(195,4.9,2.1,2.3,0.6,0.0,0.6,1627853),(317,9.0,1.8,1.3,0.4,0.0,0.7,1627854),(157,9.3,3.9,1.3,0.7,0.4,0.8,1627863),(242,6.5,3.4,0.7,0.7,0.7,0.5,1627884),(177,5.0,2.2,1.5,0.9,0.3,0.6,1627885),(174,5.7,2.3,2.3,1.0,0.3,1.1,1627936),(7,4.9,1.7,2.0,1.1,0.3,1.7,1627982),(191,7.3,3.7,1.1,0.8,0.5,0.7,1628021),(160,4.0,2.6,0.3,0.3,0.2,0.4,1628035),(113,10.9,3.3,4.6,1.1,0.2,1.8,1628365),(206,11.4,5.7,6.4,1.5,0.6,2.5,1628366),(231,12.3,4.3,1.9,0.9,0.6,2.0,1628367),(262,18.1,3.4,6.4,1.4,0.4,2.8,1628368),(277,18.9,6.2,2.6,1.2,0.7,1.9,1628369),(223,9.2,2.0,1.7,0.4,0.2,1.2,1628370),(136,9.3,5.4,1.1,1.1,1.5,1.1,1628371),(255,11.7,3.0,4.4,1.1,0.4,2.4,1628372),(201,5.7,2.0,2.8,0.8,0.2,1.3,1628373),(207,15.9,7.2,1.3,0.7,0.5,1.4,1628374),(278,23.4,4.1,4.3,1.2,0.3,2.7,1628378),(218,9.4,2.8,2.0,0.5,0.2,1.0,1628379),(154,5.7,4.0,0.9,0.3,0.7,1.0,1628380),(225,16.6,8.6,1.5,0.6,1.0,1.6,1628381),(247,8.9,3.9,1.2,1.0,0.4,1.0,1628384),(134,6.0,3.9,1.3,0.4,0.4,1.0,1628385),(318,10.9,8.4,1.3,0.5,1.4,1.3,1628386),(139,3.3,2.0,0.3,0.2,0.2,0.2,1628388),(274,12.1,8.0,3.4,0.9,0.9,1.9,1628389),(165,4.1,2.9,0.6,0.2,0.3,0.5,1628391),(133,4.2,3.5,0.9,0.4,0.7,0.8,1628392),(187,3.7,3.1,1.1,0.3,0.7,0.7,1628395),(136,5.7,4.9,0.6,0.3,0.6,0.6,1628396),(263,15.4,5.7,1.9,0.6,0.4,1.7,1628398),(246,3.5,2.1,0.5,0.3,0.1,0.3,1628400),(184,10.7,3.2,3.4,0.8,0.8,1.3,1628401),(149,7.4,1.8,1.0,0.3,0.0,0.8,1628402),(123,2.3,3.1,0.8,0.2,0.2,1.0,1628403),(242,8.7,5.4,1.6,0.9,0.4,0.9,1628404),(46,4.9,2.4,0.6,0.2,0.1,0.7,1628405),(193,6.8,2.5,1.1,0.4,0.1,0.6,1628407),(79,6.2,2.9,1.8,0.5,0.3,0.8,1628408),(99,5.2,1.5,1.0,0.5,0.2,0.7,1628410),(248,4.2,2.4,0.9,0.5,0.2,0.5,1628411),(225,13.7,3.0,1.9,0.9,0.3,1.6,1628415),(143,10.7,6.0,1.4,0.4,0.9,0.9,1628418),(202,9.8,2.1,3.5,0.8,0.2,0.7,1628420),(200,7.6,2.5,1.5,0.5,0.1,0.7,1628422),(33,5.9,1.5,2.1,0.5,0.2,1.3,1628424),(215,5.9,3.4,1.1,0.6,0.2,0.7,1628425),(45,1.4,1.0,0.3,0.2,0.1,0.3,1628427),(10,1.4,0.6,0.6,0.3,0.1,0.3,1628430),(146,5.5,2.5,0.9,0.3,0.8,0.4,1628436),(149,8.7,4.9,0.6,0.4,1.3,0.5,1628449),(302,7.7,4.9,1.4,0.5,0.9,0.8,1628464),(258,7.1,4.5,1.0,0.4,0.9,0.7,1628467),(242,5.0,3.3,0.8,0.5,0.5,0.5,1628470),(45,1.3,0.8,0.1,0.3,0.3,0.4,1628499),(20,1.7,0.7,1.2,0.1,0.1,0.6,1628513),(47,3.7,1.7,0.7,0.3,0.1,0.3,1628778),(119,8.7,2.1,1.4,0.5,0.1,0.9,1628960),(21,1.0,1.1,0.1,0.2,0.2,0.6,1628961),(112,14.5,7.5,1.0,0.5,0.8,1.5,1628963),(143,5.9,4.8,0.7,0.3,1.3,0.7,1628964),(137,5.6,2.6,0.6,0.5,0.5,0.4,1628966),(12,0.8,0.8,0.0,0.0,0.1,0.1,1628968),(212,9.9,3.8,2.0,1.3,0.6,0.9,1628969),(202,10.4,5.1,1.6,0.7,0.7,1.2,1628970),(186,7.0,3.9,2.2,0.8,0.5,1.0,1628971),(189,6.8,3.9,1.7,0.7,0.1,0.8,1628972),(182,9.9,2.7,3.3,0.5,0.0,1.2,1628973),(142,4.4,1.8,1.4,0.6,0.3,0.5,1628975),(177,11.4,8.1,1.8,0.7,0.9,1.5,1628976),(183,8.1,3.7,1.3,0.7,0.3,1.1,1628977),(146,8.9,4.7,2.4,1.1,0.2,1.3,1628978),(88,3.4,1.2,1.0,0.3,0.3,0.7,1628980),(83,3.3,3.2,0.7,0.2,0.2,0.7,1628981),(29,1.9,0.5,0.1,0.3,0.1,0.2,1628982),(187,16.3,4.3,3.8,1.1,0.6,2.0,1628983),(154,13.0,2.6,5.4,0.8,0.1,1.8,1628984),(11,1.8,0.6,1.2,0.4,0.1,0.5,1628985),(10,1.7,1.2,0.5,0.1,0.1,0.0,1628987),(171,7.7,1.7,2.3,0.6,0.2,1.0,1628988),(189,11.2,3.5,3.3,1.0,0.3,1.4,1628989),(98,5.5,3.9,0.8,0.6,0.1,0.8,1628990),(115,15.5,4.6,1.2,0.8,1.5,1.7,1628991),(42,2.6,2.9,0.4,0.2,0.2,0.3,1628993),(177,8.7,3.3,0.9,0.4,0.3,1.0,1628995),(61,5.3,2.6,1.2,0.7,0.3,0.7,1628997),(93,4.4,3.0,1.8,0.7,0.2,0.8,1628998),(146,7.4,3.2,3.0,1.3,0.4,1.4,1629001),(72,3.2,1.9,0.5,0.2,0.3,0.6,1629002),(109,10.3,2.2,2.4,0.5,0.3,1.3,1629003),(248,6.5,1.8,1.4,0.6,0.1,0.9,1629004),(182,7.5,3.3,1.3,1.1,0.4,1.0,1629006),(102,13.2,6.1,0.9,0.5,0.7,1.0,1629008),(158,8.4,7.0,0.6,0.9,2.1,0.6,1629011),(195,19.9,3.0,3.2,0.8,0.1,2.4,1629012),(258,9.2,1.7,1.6,0.5,0.1,0.7,1629013),(139,7.5,2.0,1.3,0.3,0.1,0.8,1629014),(13,3.7,1.2,0.9,0.4,0.2,0.6,1629015),(95,6.8,4.3,1.0,0.6,0.5,0.9,1629016),(34,2.3,0.6,0.3,0.3,0.1,0.2,1629017),(182,12.3,2.1,1.2,0.8,0.2,0.6,1629018),(90,3.5,3.5,0.8,0.7,0.5,0.8,1629020),(122,7.5,2.3,1.2,0.5,0.3,0.8,1629022),(108,12.2,5.9,2.3,0.9,1.0,1.8,1629023),(143,5.9,4.5,1.9,0.8,0.4,0.8,1629026),(194,24.1,3.9,8.8,0.9,0.2,4.2,1629027),(166,16.3,10.7,1.7,0.7,1.1,1.8,1629028),(184,25.8,8.4,7.7,1.0,0.4,3.9,1629029),(65,3.1,1.4,1.2,0.4,0.1,0.8,1629033),(60,3.7,1.1,0.6,0.3,0.1,0.3,1629035),(91,4.0,2.5,0.5,0.2,0.9,0.5,1629048),(166,7.5,2.6,1.3,0.6,0.2,1.0,1629056),(108,5.7,5.0,1.1,0.6,1.5,0.7,1629057),(49,4.3,1.9,0.9,0.3,0.0,0.8,1629058),(108,4.8,1.7,2.2,0.5,0.1,1.0,1629059),(95,13.5,5.9,1.7,0.8,0.1,1.2,1629060),(45,7.4,2.7,2.9,1.0,0.2,1.6,1629065),(150,5.4,2.9,0.8,0.6,0.3,1.0,1629066),(123,3.4,2.5,0.9,0.5,0.3,0.7,1629067),(64,2.9,1.9,0.3,0.3,0.0,0.5,1629076),(51,4.6,2.3,0.5,0.2,0.2,0.5,1629103),(69,1.9,1.7,0.3,0.3,0.2,0.6,1629117),(71,2.6,1.2,0.4,0.2,0.3,0.4,1629126),(146,12.3,3.1,1.5,0.5,0.2,1.0,1629130),(111,14.7,2.9,3.1,0.9,0.2,1.6,1629134),(72,3.2,2.5,0.6,0.4,0.3,0.3,1629139),(39,5.2,4.2,0.5,0.2,0.4,0.5,1629140),(59,4.0,1.8,0.6,0.2,0.1,0.4,1629151),(69,6.3,1.9,4.2,1.1,0.1,1.0,1629162),(89,4.6,1.5,1.5,0.3,0.0,0.7,1629164),(24,3.2,1.3,0.1,0.3,0.0,0.4,1629168),(85,4.4,1.6,2.8,0.6,0.2,1.0,1629185),(49,4.6,1.0,1.2,0.4,0.0,0.6,1629216),(83,4.3,3.4,0.7,0.2,0.7,0.7,1629234),(22,3.4,1.5,0.6,0.1,0.3,0.5,1629346),(4,3.0,2.3,0.8,0.3,0.3,1.0,1629597),(33,4.9,0.9,0.8,0.3,0.2,0.6,1629598),(58,2.9,0.9,0.5,0.2,0.0,0.4,1629599),(22,2.9,2.4,0.1,0.1,0.7,0.3,1629605),(7,0.6,0.0,0.0,0.0,0.0,0.3,1629607),(6,2.3,2.3,0.5,0.2,0.0,0.5,1629608),(55,3.4,1.4,0.5,0.3,0.2,0.3,1629610),(98,4.7,2.7,1.5,0.4,0.2,0.5,1629611),(16,2.1,0.8,0.9,0.2,0.1,0.3,1629620),(4,2.8,1.8,0.3,0.0,0.3,0.8,1629621),(32,5.5,0.8,0.5,0.2,0.0,0.2,1629622),(0,0.0,0.0,0.0,0.0,0.0,0.0,1629624),(4,4.8,1.3,1.8,0.5,0.0,0.8,1629625),(31,3.2,1.2,0.4,0.1,0.5,0.6,1629626),(77,25.6,6.9,3.2,0.8,0.6,2.6,1629627),(115,15.9,5.3,2.7,0.9,0.3,2.1,1629628),(84,10.7,3.8,1.5,1.1,0.4,1.5,1629629),(115,18.3,3.8,7.3,0.9,0.2,3.2,1629630),(83,13.2,4.7,1.9,0.7,0.3,1.6,1629631),(119,13.8,3.8,3.5,0.7,0.1,1.9,1629632),(97,7.8,3.3,1.4,0.8,0.5,1.1,1629633),(104,11.6,5.8,1.5,0.8,0.8,0.8,1629634),(84,5.1,2.6,0.6,0.5,0.2,0.8,1629635),(106,14.5,2.1,4.8,0.9,0.1,2.7,1629636),(110,6.9,4.0,0.7,0.4,0.7,0.8,1629637),(88,7.8,2.4,1.9,0.6,0.3,1.3,1629638),(101,14.1,4.4,2.8,0.7,0.3,1.8,1629639),(70,11.9,5.6,1.5,0.6,0.4,1.0,1629640),(41,2.5,1.5,0.5,0.3,0.2,0.4,1629641),(86,4.3,2.5,0.5,0.2,0.3,0.3,1629642),(34,2.3,1.9,0.4,0.3,0.3,0.4,1629644),(71,11.6,3.4,3.4,0.9,0.3,2.3,1629645),(103,8.5,5.4,1.0,0.4,0.6,1.3,1629647),(38,6.8,6.8,0.1,0.5,0.9,0.8,1629650),(40,5.8,4.2,1.1,0.5,1.0,0.6,1629651),(81,10.8,3.0,1.2,0.9,0.3,1.1,1629652),(121,5.8,3.3,0.5,0.4,1.3,0.7,1629655),(25,2.7,0.9,0.8,0.2,0.0,0.2,1629657),(21,4.2,2.9,0.6,0.5,0.1,0.8,1629658),(59,8.6,2.6,2.4,1.0,0.4,1.4,1629659),(56,6.3,2.1,2.4,0.5,0.1,0.9,1629660),(108,9.3,3.3,1.3,0.6,0.3,0.6,1629661),(10,2.0,1.0,0.5,0.2,0.0,0.2,1629663),(48,6.2,3.1,0.9,0.5,0.3,0.9,1629667),(53,7.9,1.9,1.5,0.5,0.2,0.6,1629669),(52,2.3,1.7,0.4,0.2,0.2,0.3,1629671),(99,12.2,4.0,1.8,0.4,0.2,1.4,1629672),(94,9.6,1.8,2.2,0.6,0.2,1.2,1629673),(87,10.3,4.4,1.1,0.6,1.0,0.9,1629675),(50,8.3,5.4,1.7,0.8,0.6,1.8,1629676),(27,3.7,2.2,0.7,0.2,0.3,0.7,1629677),(33,3.0,1.4,0.5,0.2,0.1,0.2,1629678),(119,4.3,1.8,1.1,1.5,0.8,0.6,1629680),(28,3.2,0.8,1.9,0.8,0.1,1.0,1629682),(27,1.1,0.5,0.6,0.3,0.1,0.5,1629683),(119,3.8,2.7,1.0,0.5,0.5,0.8,1629684),(31,5.2,3.5,1.1,0.6,0.4,1.0,1629685),(20,2.3,0.7,0.4,0.3,0.1,0.2,1629690),(62,2.2,0.7,0.5,0.1,0.2,0.2,1629713),(29,2.2,1.3,0.6,0.2,0.2,0.3,1629714),(10,2.0,0.4,0.2,0.2,0.2,0.3,1629718),(18,2.4,1.9,0.1,0.3,0.2,0.3,1629719),(52,3.5,2.7,1.1,0.7,0.2,0.4,1629723),(8,1.9,1.4,0.4,0.3,0.0,0.3,1629724),(9,7.1,1.1,2.0,0.8,0.2,0.4,1629725),(69,5.8,1.4,0.5,0.5,0.1,0.2,1629726),(4,2.0,0.8,0.8,0.0,0.0,0.0,1629729),(29,2.6,0.9,0.2,0.0,0.0,0.3,1629730),(60,4.6,2.8,0.9,0.4,0.4,0.4,1629731),(2,1.0,1.5,0.0,0.0,0.0,0.5,1629734),(74,2.7,2.4,0.5,0.1,0.4,0.7,1629735),(2,0.0,1.0,0.5,0.0,0.0,0.5,1629739),(124,4.4,2.8,1.2,0.5,0.2,0.5,1629740),(44,3.9,1.7,1.0,0.3,0.2,0.8,1629741),(109,3.5,1.1,0.5,0.1,0.0,0.3,1629744),(3,1.3,1.0,0.0,0.3,0.0,0.0,1629745),(106,3.6,2.0,0.5,0.6,0.2,0.5,1629750),(43,1.5,1.2,0.3,0.1,0.0,0.2,1629752),(4,0.5,0.8,0.3,0.5,0.3,0.0,1629760);
/*!40000 ALTER TABLE `playerstats` ENABLE KEYS */;
UNLOCK TABLES;

--
-- Table structure for table `team`
--

DROP TABLE IF EXISTS `team`;
/*!40101 SET @saved_cs_client     = @@character_set_client */;
/*!50503 SET character_set_client = utf8mb4 */;
CREATE TABLE `team` (
  `Name` varchar(255) NOT NULL,
  `City` varchar(255) DEFAULT NULL,
  `Division` varchar(255) NOT NULL,
  `Conference` varchar(255) NOT NULL,
  `Wins` int NOT NULL,
  `Losses` int NOT NULL,
  PRIMARY KEY (`Name`)
) ENGINE=InnoDB DEFAULT CHARSET=utf8mb4 COLLATE=utf8mb4_0900_ai_ci;
/*!40101 SET character_set_client = @saved_cs_client */;

--
-- Dumping data for table `team`
--

LOCK TABLES `team` WRITE;
/*!40000 ALTER TABLE `team` DISABLE KEYS */;
INSERT INTO `team` VALUES ('76ers','Philadelphia','Atlantic','East',39,18),('Bucks','Milwaukee','Central','East',35,22),('Bulls','Chicago','Central','East',24,33),('Cavaliers','Cleveland','Central','East',20,37),('Celtics','Boston','Atlantic','East',31,27),('Clippers','LA','Pacific','West',41,19),('Grizzlies','Memphis','Southwest','West',29,27),('Hawks','Atlanta','Southeast','East',32,26),('Heat','Miami','Southeast','East',30,28),('Hornets','Charlotte','Southeast','East',28,29),('Jazz','Utah','Northwest','West',43,15),('Kings','Sacramento','Pacific','West',23,35),('Knicks','New York','Atlantic','East',32,27),('Lakers','Los Angeles','Pacific','West',35,23),('Magic','Orlando','Southeast','East',18,40),('Mavericks','Dallas','Southwest','West',30,26),('Nets','Brooklyn','Atlantic','East',39,19),('Nuggets','Denver','Northwest','West',37,20),('Pacers','Indiana','Central','East',26,31),('Pelicans','New Orleans','Southwest','West',25,33),('Pistons','Detroit','Central','East',18,40),('Raptors','Toronto','Atlantic','East',24,34),('Rockets','Houston','Southwest','West',15,43),('Spurs','San Antonio','Southwest','West',28,28),('Suns','Phoenix','Pacific','West',41,16),('Thunder','Oklahoma City','Northwest','West',20,38),('Timberwolves','Minnesota','Northwest','West',16,43),('Trail Blazers','Portland','Northwest','West',32,25),('Warriors','Golden State','Pacific','West',29,29),('Wizards','Washington','Southeast','East',24,33);
/*!40000 ALTER TABLE `team` ENABLE KEYS */;
UNLOCK TABLES;

--
-- Table structure for table `user`
--

DROP TABLE IF EXISTS `user`;
/*!40101 SET @saved_cs_client     = @@character_set_client */;
/*!50503 SET character_set_client = utf8mb4 */;
CREATE TABLE `user` (
  `Id` int NOT NULL,
  `Name` varchar(255) NOT NULL,
  `Email` varchar(255) NOT NULL,
  `Birthdate` datetime DEFAULT NULL,
  `Password` varchar(255) NOT NULL,
  `Joined` datetime NOT NULL DEFAULT CURRENT_TIMESTAMP,
  `IsSignedIn` tinyint(1) NOT NULL,
  PRIMARY KEY (`Id`),
  UNIQUE KEY `Email` (`Email`)
) ENGINE=InnoDB DEFAULT CHARSET=utf8mb4 COLLATE=utf8mb4_0900_ai_ci;
/*!40101 SET character_set_client = @saved_cs_client */;

--
-- Dumping data for table `user`
--

LOCK TABLES `user` WRITE;
/*!40000 ALTER TABLE `user` DISABLE KEYS */;
INSERT INTO `user` VALUES (247616,'Ash','Ash@gmail.com','2001-09-24 00:00:00','Ash','2021-04-21 13:13:40',0),(247617,'JC','jc@gmail.com','1990-01-01 00:00:00','JC','2021-04-21 13:13:42',1),(247618,'Eric','eric@gmail.com','2005-10-10 00:00:00','Eric','2021-04-21 13:13:43',0),(247619,'Blue','blue@gmail.com','2000-10-31 00:00:00','Red','2021-04-21 13:13:44',0),(247620,'Red','red@gmail.com','2000-10-31 00:00:00','Blue','2021-04-21 13:13:45',0);
/*!40000 ALTER TABLE `user` ENABLE KEYS */;
UNLOCK TABLES;
/*!40103 SET TIME_ZONE=@OLD_TIME_ZONE */;

/*!40101 SET SQL_MODE=@OLD_SQL_MODE */;
/*!40014 SET FOREIGN_KEY_CHECKS=@OLD_FOREIGN_KEY_CHECKS */;
/*!40014 SET UNIQUE_CHECKS=@OLD_UNIQUE_CHECKS */;
/*!40101 SET CHARACTER_SET_CLIENT=@OLD_CHARACTER_SET_CLIENT */;
/*!40101 SET CHARACTER_SET_RESULTS=@OLD_CHARACTER_SET_RESULTS */;
/*!40101 SET COLLATION_CONNECTION=@OLD_COLLATION_CONNECTION */;
/*!40111 SET SQL_NOTES=@OLD_SQL_NOTES */;

-- Dump completed on 2021-04-21 19:33:51
